{"cameraMode":{"drawMode":0,"name":"Shaded","section":"Shading Mode"},"sceneLighting":false,"audioPlay":false,"sceneViewState":{"showFog":true,"showMaterialUpdate":false,"showSkybox":false,"showFlares":true,"showImageEffects":true,"showParticleSystems":true},"in2DMode":false,"pivot":{"x":2.7049999237060549,"y":1.0379998683929444,"z":-2.7709999084472658},"rotation":{"x":0.4278881251811981,"y":-0.020354406908154489,"z":0.009581707417964936,"w":0.9037041068077087},"size":1.0979981422424317,"orthographic":false}