{"cameraMode":{"drawMode":0,"name":"Shaded","section":"Shading Mode"},"sceneLighting":false,"audioPlay":false,"sceneViewState":{"showFog":true,"showMaterialUpdate":false,"showSkybox":false,"showFlares":true,"showImageEffects":true,"showParticleSystems":true},"in2DMode":false,"pivot":{"x":3.246999979019165,"y":1.3029999732971192,"z":-2.24399995803833},"rotation":{"x":0.4278881251811981,"y":-0.020354406908154489,"z":0.009581707417964936,"w":0.9037041068077087},"size":0.09404146671295166,"orthographic":false}